family,call_site,current_method_id,full_appendix_executed,theta_can_differ_from_1,accepted_frozen_output_dependency,classification,migration_status,evidence
RC2 historical,"calculation/multirow_equations.py:338; endpoints:448,464",FIRST_ROW_COMMENTARY_FULL / endpoint primitive,yes in frozen tests,yes,frozen golden nonunit witnesses,HISTORICAL_FROZEN,NO_MIGRATION_AUTHORIZED,RC2 immutable; power operator retained
Slice2 executor,"calculation/multirow_engine.py:1306,1324",FIRST_ROW_COMMENTARY_FULL / FIRST_ROW_RATIONAL_LOWER_ENVELOPE,conditional dispatched full or endpoint lower,yes,current route dependent,CURRENT_PRODUCTION_AFFECTED,SOURCE_CORRECTION_MIGRATION_REQUIRED,Both direct call and endpoint calls inventoried; no binding change
generic multi-row transport,"application/multirow_orchestration.py:1936,1947,2730",ASCE_COMMENTARY_FULL / >3-row rational endpoint,yes explicit controls observed,yes,old results at nonunit Theta; no claim design qualified,CURRENT_PRODUCTION_AFFECTED,SOURCE_CORRECTION_MIGRATION_REQUIRED,Static selectable full path and >3 automatic endpoint; observed runtime controls in companion JSON; separate controlled migration required
stair-stringer-miter,api/connector_material_native.py native family binding,legacy per-family method / ASCE_STANDARD_SIMPLIFIED when Slice2 mapped,0 observed calls in fixture,not selected in fixed current normal mapping,see runtime record; no output changed,NOT_ACTIVE,NO_MIGRATION_AUTHORIZED,Runtime fixture observation plus static fixed-method selector; observation is not universal enumeration. fixture completed
single-bolt,api/connector_material_native.py native family binding,legacy per-family method / ASCE_STANDARD_SIMPLIFIED when Slice2 mapped,0 observed calls in fixture,not selected in fixed current normal mapping,see runtime record; no output changed,NOT_ACTIVE,NO_MIGRATION_AUTHORIZED,Runtime fixture observation plus static fixed-method selector; observation is not universal enumeration. fixture completed
multi-row,api/connector_material_native.py native family binding,legacy per-family method / ASCE_STANDARD_SIMPLIFIED when Slice2 mapped,0 observed calls in fixture,yes if generic >3 path admitted,see runtime record; no output changed,NOT_ACTIVE,NO_MIGRATION_AUTHORIZED,Runtime fixture observation plus static fixed-method selector; observation is not universal enumeration. fixture completed
tee-connector,api/connector_material_native.py native family binding,legacy per-family method / ASCE_STANDARD_SIMPLIFIED when Slice2 mapped,0 observed calls in fixture,not selected in fixed current normal mapping,see runtime record; no output changed,NOT_ACTIVE,NO_MIGRATION_AUTHORIZED,Runtime fixture observation plus static fixed-method selector; observation is not universal enumeration. fixture completed
clip-angle,api/connector_material_native.py native family binding,legacy per-family method / ASCE_STANDARD_SIMPLIFIED when Slice2 mapped,0 observed calls in fixture,not selected in fixed current normal mapping,see runtime record; no output changed,NOT_ACTIVE,NO_MIGRATION_AUTHORIZED,Runtime fixture observation plus static fixed-method selector; observation is not universal enumeration. fixture completed
paired-clip-angle,api/connector_material_native.py native family binding,legacy per-family method / ASCE_STANDARD_SIMPLIFIED when Slice2 mapped,0 observed calls in fixture,not selected in fixed current normal mapping,see runtime record; no output changed,NOT_ACTIVE,NO_MIGRATION_AUTHORIZED,Runtime fixture observation plus static fixed-method selector; observation is not universal enumeration. fixture completed
multi-member-tee,api/connector_material_native.py native family binding,legacy per-family method / ASCE_STANDARD_SIMPLIFIED when Slice2 mapped,0 observed calls in fixture,not selected in fixed current normal mapping,see runtime record; no output changed,NOT_ACTIVE,NO_MIGRATION_AUTHORIZED,Runtime fixture observation plus static fixed-method selector; observation is not universal enumeration. fixture completed
beam-concrete-paired-angle,api/connector_material_native.py native family binding,legacy per-family method / ASCE_STANDARD_SIMPLIFIED when Slice2 mapped,0 observed calls in fixture,not selected in fixed current normal mapping,see runtime record; no output changed,NOT_ACTIVE,NO_MIGRATION_AUTHORIZED,Runtime fixture observation plus static fixed-method selector; observation is not universal enumeration. fixture completed
direct-side-lap-concrete,api/connector_material_native.py native family binding,legacy per-family method / ASCE_STANDARD_SIMPLIFIED when Slice2 mapped,0 observed calls in fixture,not selected in fixed current normal mapping,see runtime record; no output changed,NOT_ACTIVE,NO_MIGRATION_AUTHORIZED,Runtime fixture observation plus static fixed-method selector; observation is not universal enumeration. fixture completed
column-base-web-angles,api/connector_material_native.py native family binding,legacy per-family method / ASCE_STANDARD_SIMPLIFIED when Slice2 mapped,0 observed calls in fixture,not selected in fixed current normal mapping,see runtime record; no output changed,NOT_ACTIVE,NO_MIGRATION_AUTHORIZED,Runtime fixture observation plus static fixed-method selector; observation is not universal enumeration. fixture completed
beam-web-splice,api/connector_material_native.py native family binding,legacy per-family method / ASCE_STANDARD_SIMPLIFIED when Slice2 mapped,0 observed calls in fixture,not selected in fixed current normal mapping,see runtime record; no output changed,NOT_ACTIVE,NO_MIGRATION_AUTHORIZED,Runtime fixture observation plus static fixed-method selector; observation is not universal enumeration. fixture completed
wi-major-axis-moment-splice,api/connector_material_native.py native family binding,legacy per-family method / ASCE_STANDARD_SIMPLIFIED when Slice2 mapped,0 observed calls in fixture,not selected in fixed current normal mapping,see runtime record; no output changed,NOT_ACTIVE,NO_MIGRATION_AUTHORIZED,Runtime fixture observation plus static fixed-method selector; observation is not universal enumeration. fixture completed
channel-major-axis-moment-splice,api/connector_material_native.py native family binding,legacy per-family method / ASCE_STANDARD_SIMPLIFIED when Slice2 mapped,0 observed calls in fixture,not selected in fixed current normal mapping,see runtime record; no output changed,NOT_ACTIVE,NO_MIGRATION_AUTHORIZED,Runtime fixture observation plus static fixed-method selector; observation is not universal enumeration. fixture completed
wi-beam-concrete-wall-moment,api/connector_material_native.py native family binding,legacy per-family method / ASCE_STANDARD_SIMPLIFIED when Slice2 mapped,0 observed calls in fixture,not selected in fixed current normal mapping,see runtime record; no output changed,NOT_ACTIVE,NO_MIGRATION_AUTHORIZED,Runtime fixture observation plus static fixed-method selector; observation is not universal enumeration. fixture completed
wi-beam-frp-support-moment,api/connector_material_native.py native family binding,legacy per-family method / ASCE_STANDARD_SIMPLIFIED when Slice2 mapped,0 observed calls in fixture,not selected in fixed current normal mapping,see runtime record; no output changed,NOT_ACTIVE,NO_MIGRATION_AUTHORIZED,Runtime fixture observation plus static fixed-method selector; observation is not universal enumeration. fixture completed
angle-column-two-leg-moment-base,api/connector_material_native.py native family binding,legacy per-family method / ASCE_STANDARD_SIMPLIFIED when Slice2 mapped,0 observed calls in fixture,not selected in fixed current normal mapping,see runtime record; no output changed,NOT_ACTIVE,NO_MIGRATION_AUTHORIZED,Runtime fixture observation plus static fixed-method selector; observation is not universal enumeration. fixture completed
wi-rhs-srs-column-moment-base,api/connector_material_native.py native family binding,legacy per-family method / ASCE_STANDARD_SIMPLIFIED when Slice2 mapped,0 observed calls in fixture,not selected in fixed current normal mapping,see runtime record; no output changed,NOT_ACTIVE,NO_MIGRATION_AUTHORIZED,Runtime fixture observation plus static fixed-method selector; observation is not universal enumeration. fixture completed
double-channel-truss-node,api/connector_material_native.py native family binding,legacy per-family method / ASCE_STANDARD_SIMPLIFIED when Slice2 mapped,0 observed calls in fixture,not selected in fixed current normal mapping,see runtime record; no output changed,NOT_ACTIVE,NO_MIGRATION_AUTHORIZED,Runtime fixture observation plus static fixed-method selector; observation is not universal enumeration. fixture completed
angle column moment base,"application/angle_column_base_local.py:288,323",ASCE_STANDARD_SIMPLIFIED,full not selected for 2/3-row standard routes,potential >3 lower-envelope if accepted adapter exposes it,current normal fixtures use simplified/unavailable first row,NOT_ACTIVE,NO_MIGRATION_AUTHORIZED,"Fixed standard selector; reused generic resolver can select rational lower for >3 rows, so no successor binding at shared resolver"
column moment base,application/column_moment_base_paths.py:94 (angle mapper),ASCE_STANDARD_SIMPLIFIED,full not selected for 2/3-row standard routes,potential >3 lower-envelope if accepted adapter exposes it,current normal fixtures use simplified/unavailable first row,NOT_ACTIVE,NO_MIGRATION_AUTHORIZED,"Fixed standard selector; reused generic resolver can select rational lower for >3 rows, so no successor binding at shared resolver"
W/I FRP support moment,"application/wi_frp_support_local_checks.py:347,486",ASCE_STANDARD_SIMPLIFIED,full not selected for 2/3-row standard routes,potential >3 lower-envelope if accepted adapter exposes it,current normal fixtures use simplified/unavailable first row,NOT_ACTIVE,NO_MIGRATION_AUTHORIZED,"Fixed standard selector; reused generic resolver can select rational lower for >3 rows, so no successor binding at shared resolver"
W/I concrete wall moment,application/wi_wall_moment_demand.py:158; wi_wall_moment_design.py:240,ASCE_STANDARD_SIMPLIFIED,full not selected for 2/3-row standard routes,potential >3 lower-envelope if accepted adapter exposes it,current normal fixtures use simplified/unavailable first row,NOT_ACTIVE,NO_MIGRATION_AUTHORIZED,"Fixed standard selector; reused generic resolver can select rational lower for >3 rows, so no successor binding at shared resolver"
tee/multi-member tee,application/tee_orchestration.py:2002,ASCE_STANDARD_SIMPLIFIED,full not selected for 2/3-row standard routes,potential >3 lower-envelope if accepted adapter exposes it,current normal fixtures use simplified/unavailable first row,NOT_ACTIVE,NO_MIGRATION_AUTHORIZED,"Fixed standard selector; reused generic resolver can select rational lower for >3 rows, so no successor binding at shared resolver"
clip/paired clip/concrete paired angle,application/clip_angle_orchestration.py:1260,ASCE_STANDARD_SIMPLIFIED,full not selected for 2/3-row standard routes,potential >3 lower-envelope if accepted adapter exposes it,current normal fixtures use simplified/unavailable first row,NOT_ACTIVE,NO_MIGRATION_AUTHORIZED,"Fixed standard selector; reused generic resolver can select rational lower for >3 rows, so no successor binding at shared resolver"
direct side lap concrete,application/direct_side_lap_concrete_orchestration.py:856,ASCE_STANDARD_SIMPLIFIED,full not selected for 2/3-row standard routes,potential >3 lower-envelope if accepted adapter exposes it,current normal fixtures use simplified/unavailable first row,NOT_ACTIVE,NO_MIGRATION_AUTHORIZED,"Fixed standard selector; reused generic resolver can select rational lower for >3 rows, so no successor binding at shared resolver"
web splice,application/web_splice_orchestration.py:994,ASCE_STANDARD_SIMPLIFIED,full not selected for 2/3-row standard routes,potential >3 lower-envelope if accepted adapter exposes it,current normal fixtures use simplified/unavailable first row,NOT_ACTIVE,NO_MIGRATION_AUTHORIZED,"Fixed standard selector; reused generic resolver can select rational lower for >3 rows, so no successor binding at shared resolver"
W/I moment splice,application/wi_moment_splice_orchestration.py:576,ASCE_STANDARD_SIMPLIFIED,full not selected for 2/3-row standard routes,potential >3 lower-envelope if accepted adapter exposes it,current normal fixtures use simplified/unavailable first row,NOT_ACTIVE,NO_MIGRATION_AUTHORIZED,"Fixed standard selector; reused generic resolver can select rational lower for >3 rows, so no successor binding at shared resolver"
channel moment splice,application/channel_moment_splice_orchestration.py:463,ASCE_STANDARD_SIMPLIFIED,full not selected for 2/3-row standard routes,potential >3 lower-envelope if accepted adapter exposes it,current normal fixtures use simplified/unavailable first row,NOT_ACTIVE,NO_MIGRATION_AUTHORIZED,"Fixed standard selector; reused generic resolver can select rational lower for >3 rows, so no successor binding at shared resolver"
shared handoff/exact-zero eccentric guards,"calculation/resistance_handoff.py:416,828",upstream-selected Slice2 executable check,conditional full only if upstream permitted,yes if upstream full,conditional historical dependency,CURRENT_PRODUCTION_AFFECTED,SOURCE_CORRECTION_MIGRATION_REQUIRED,Dispatch binding unchanged; current Direct eccentric first row blocked before full execution
shared handoff/exact-zero eccentric guards,calculation/eccentric_group_modes.py:773,upstream-selected Slice2 executable check,conditional full only if upstream permitted,yes if upstream full,conditional historical dependency,CURRENT_PRODUCTION_AFFECTED,SOURCE_CORRECTION_MIGRATION_REQUIRED,Dispatch binding unchanged; current Direct eccentric first row blocked before full execution
Direct owner current,application/direct_physical_reconciliation.py / multirow orchestration,FIRST_ROW method unresolved,no observed old or successor full call,unresolved physical handoff,7 evaluated /8 unresolved exact full JSON parity,NOT_ACTIVE,NO_MIGRATION_AUTHORIZED,No Direct first-row result activated
Direct F6 future,new typed appendix_rc3.py,FIRST_ROW_COMMENTARY_FULL_PRINTED_THETA_RC3,dedicated QA only,yes,none current production,FUTURE_ADAPTER,NO_MIGRATION_AUTHORIZED,F6 geometry and eccentric stress authority required before route activation
report/audit templates,reporting/pdf.py:162; reporting/multirow_substitutions.py:114; calculation/__init__.py export,FIRST_ROW_COMMENTARY_FULL metadata,metadata/export only; not execution,not applicable,existing report binding stays frozen/current,NOT_ACTIVE,NO_MIGRATION_AUTHORIZED,No report-method alias or production import changed
